municipalityId,countyId,id,validFrom,temp
1149,11,SN47230,2013-10-29/2021-03-01,3.3
3454,34,SN23670,2018-01-23/2021-03-01,3.95021692
4649,46,SN59450,1923-01-01/2021-03-01,7.492594859
3411,34,SN12590,2011-01-01/2021-03-01,5.650675676
3048,30,SN26640,2016-04-19/2021-03-01,5.908809135
5027,50,SN67650,2018-11-27/2021-03-01,3.41188251
301,3,SN18269,2000-01-01/2021-03-01,6.605268595
4648,46,SN57790,2014-10-31/2021-03-01,3.365268166
1535,15,SN61065,2016-04-12/2021-03-01,8.209681698
3804,38,SN27600,1936-01-01/2021-03-01,3.3
301,3,SN18700,1931-01-01/2021-03-01,6.253733433
1871,18,SN87110,1958-01-01/2021-03-01,4.061058245
4222,42,SN40905,2013-07-24/2021-03-01,0.908333333
3804,38,SN27295,2012-01-01/2021-03-01,5.431086657
4221,42,SN40250,1872-01-01/2021-03-01,5.28172384
1111,11,SN43220,2013-06-10/2021-03-01,7.725527312
3024,30,SN19660,2011-03-14/2021-03-01,3.70765206
301,3,SN18260,2013-05-30/2021-03-01,3.3
4618,46,SN49240,2011-01-01/2021-03-01,5.903264727
4638,46,SN52990,1972-01-01/2021-03-01,3.3
3414,34,SN5350,1895-07-01/2021-03-01,5.488429752
2400,24,SN76963,2014-01-01/2021-03-01,7.635753425
5428,54,SN92170,2003-12-04/2021-03-01,3.3
1506,15,SN62240,2014-09-11/2021-03-01,7.039020173
1837,18,SN80740,1995-07-01/2021-03-01,5.225962441
3804,38,SN27564,1998-12-10/2021-03-01,3.3
3011,30,SN1070,2018-05-31/2021-03-01,8.794578313
5053,50,SN71230,2014-09-11/2021-03-01,2.937281796
3802,38,SN26990,1995-01-01/2021-03-01,6.419478509
3430,34,SN810,1991-06-01/2021-03-01,3.3
4644,46,SN55520,2014-12-01/2021-03-01,5.086683938
1525,15,SN60670,2014-09-11/2021-03-01,4.41702544
5021,50,SN63595,2014-09-11/2021-03-01,4.334393404
5422,54,SN90250,2004-12-24/2021-03-01,1.873492537
2600,26,SN76954,2010-11-07/2021-03-01,8.681618656
2600,26,SN76927,1988-01-01/2021-03-01,8.679773692
3815,38,SN34580,2017-04-26/2021-03-01,3.3
1812,18,SN76245,2016-11-14/2021-03-01,6.488988764
3005,30,SN26864,2012-10-14/2021-03-01,3.3
4644,46,SN55260,2018-11-28/2021-03-01,0.019594595
3025,30,SN19830,2016-11-14/2021-03-01,6.727134876
1122,11,SN44485,2013-06-11/2021-03-01,7.443045564
2600,26,SN76936,2001-01-01/2021-03-01,8.746482759
2300,23,SN76999,2014-10-29/2021-03-01,7.771965318
3005,30,SN26900,2004-09-20/2021-03-01,6.693718677
3024,30,SN19525,2016-01-27/2021-03-01,3.3
4601,46,SN50505,2011-01-01/2021-03-01,7.001877515
1832,18,SN79215,2019-01-24/2021-03-01,4.845310245
3432,34,SN61630,2010-02-22/2021-03-01,2.453218991
3808,38,SN31700,2013-12-19/2021-03-01,6.051494093
1875,18,SN83710,2007-07-02/2021-03-01,4.906737338
5426,54,SN91551,2018-04-04/2021-03-01,4.723490566
4626,46,SN50514,2014-12-01/2021-03-01,7.787038934
5046,50,SN78910,2014-09-11/2021-03-01,2.807813411
1804,18,SN82310,1996-01-01/2021-03-01,5.708631153
4618,46,SN46432,2014-03-05/2021-03-01,-0.498624214
3423,34,SN8140,2001-10-27/2021-03-01,3.171083645
3801,38,SN27160,2015-04-22/2021-03-01,7.725191939
3433,34,SN15730,1998-11-01/2021-03-01,2.398685209
1865,18,SN85450,1972-06-01/2021-03-01,5.657737715
1856,18,SN85890,1986-07-01/2021-03-01,6.110645257
1146,11,SN47060,2013-01-01/2021-03-01,8.490665647
2100,21,SN99877,2019-08-21/2021-03-01,3.3
4204,42,SN39030,2013-05-04/2021-03-01,3.3
3453,34,SN23500,1924-01-01/2021-03-01,2.106654279
4601,46,SN50810,2002-12-01/2021-03-01,7.641387195
3028,30,SN4040,1998-05-15/2021-03-01,3.3
1124,11,SN44530,2017-09-05/2021-03-01,3.3
5047,50,SN72710,1991-01-02/2021-03-01,4.970114171
4651,46,SN58705,2011-01-01/2021-03-01,-1.923596177
4227,42,SN42520,1895-07-01/2021-03-01,3.3
5404,54,SN98630,2013-07-22/2021-03-01,2.224868957
1515,15,SN59800,1955-06-01/2021-03-01,7.5510375
4623,46,SN50245,2015-11-03/2021-03-01,7.728443878
4601,46,SN52452,2013-10-07/2021-03-01,8.746428571
3451,34,SN23410,1987-01-01/2021-03-01,1.808598726
1577,15,SN59665,2019-09-19/2021-03-01,3.3
4622,46,SN50110,2005-01-01/2021-03-01,8.651196172
3405,34,SN12680,1982-12-01/2021-03-01,4.127809592
2100,21,SN99841,1998-09-12/2021-03-01,3.3
5444,54,SN99500,1968-01-01/2021-03-01,3.3
1560,15,SN64510,1992-01-01/2021-03-01,7.107212345
3019,30,SN17650,2012-01-01/2021-03-01,6.014937013
4228,42,SN42810,1972-01-01/2021-03-01,6.295586072
3807,38,SN30330,2005-01-01/2021-03-01,7.258979592
4628,46,SN51010,2012-06-14/2021-03-01,8.041213455
3003,30,SN3370,2005-01-01/2021-03-01,7.272760819
5442,54,SN99090,2018-01-23/2021-03-01,2.499608355
1108,11,SN44730,1974-06-14/2021-03-01,8.533648011
3054,30,SN4590,2011-01-01/2021-03-01,3.11040146
5054,50,SN71385,2017-07-06/2021-03-01,4.879003268
4621,46,SN51800,1999-06-01/2021-03-01,3.522104733
3819,38,SN31900,1895-07-01/2021-03-01,3.3
4647,46,SN57380,2014-12-01/2021-03-01,6.442677165
3020,30,SN17895,2011-07-06/2021-03-01,5.179417353
4646,46,SN56420,1972-01-01/2021-03-01,7.809405367
1837,18,SN80707,2014-09-08/2021-03-01,0.147375215
1520,15,SN59695,2014-12-04/2021-03-01,3.673453269
5424,54,SN91150,2010-11-18/2021-03-01,3.3
301,3,SN18317,2017-06-01/2021-03-01,3.3
5006,50,SN70820,1962-07-01/2021-03-01,3.3
3016,30,SN3280,1982-01-01/2021-03-01,3.3
5426,54,SN91500,2010-01-01/2021-03-01,-0.226356822
3437,34,SN16271,2013-09-26/2021-03-01,1.125082995
1103,11,SN44640,1882-01-01/2021-03-01,7.746909265
3807,38,SN30321,2001-01-01/2021-03-01,3.3
3005,30,SN26580,2015-06-01/2021-03-01,7.543265731
1149,11,SN47260,1975-04-01/2021-03-01,8.244614656
1539,15,SN61310,2020-09-16/2021-03-01,-0.825641026
4641,46,SN53280,2013-06-11/2021-03-01,7.766985428
5058,50,SN71780,2007-11-29/2021-03-01,6.131584383
5055,50,SN65060,2016-11-14/2021-03-01,7.15646711
3044,30,SN29720,2001-11-01/2021-03-01,0.949578059
5435,54,SN94640,2014-12-01/2021-03-01,-0.899453552
1506,15,SN62270,1972-03-01/2021-03-01,7.130531241
5047,50,SN72650,1977-06-01/2021-03-01,3.3
3822,38,SN37310,2019-09-01/2021-03-01,1.994534413
4642,46,SN54590,2014-12-01/2021-03-01,2.46717437
3807,38,SN30285,2018-11-27/2021-03-01,3.3
3803,38,SN27262,2020-04-15/2021-03-01,9.250699301
3453,34,SN13750,1996-10-19/2021-03-01,0.089042782
2100,21,SN99763,2019-09-27/2021-03-01,-6.650384615
3049,30,SN19923,2008-01-14/2021-03-01,6.395983213
4642,46,SN54330,2011-01-01/2021-03-01,5.578763183
4635,46,SN52930,1938-01-01/2021-03-01,3.3
1134,11,SN46300,1895-07-01/2021-03-01,3.3
5415,54,SN88010,2017-11-24/2021-03-01,1.083455882
3054,30,SN20470,2011-08-22/2021-03-01,3.116415771
3025,30,SN19815,2017-11-27/2021-03-01,7.529826167
2100,21,SN99880,2012-08-04/2021-03-01,-3.235603306
5423,54,SN90630,2011-01-01/2021-03-01,3.681346154
1149,11,SN47170,2013-10-29/2021-03-01,3.3
3803,38,SN27271,2020-10-23/2021-03-01,0.871875
5402,54,SN87750,1911-03-01/2021-03-01,3.3
3005,30,SN26840,2015-02-10/2021-03-01,6.725919824
5441,54,SN96650,2016-11-16/2021-03-01,1.237619048
4611,46,SN47610,1998-05-16/2021-03-01,3.3
1833,18,SN79720,2019-09-01/2021-03-01,0.305821206
3429,34,SN8780,2004-12-24/2021-03-01,1.259117199
3403,34,SN12180,1959-06-01/2021-03-01,3.92123812
5032,50,SN68290,2007-09-26/2021-03-01,4.900570962
5401,54,SN90495,2011-10-20/2021-03-01,3.114142605
3825,38,SN33300,2016-10-06/2021-03-01,-0.447319202
2100,21,SN99754,1985-06-01/2021-03-01,-2.239663065
5022,50,SN66630,2014-09-11/2021-03-01,4.886112796
3805,38,SN27800,1895-07-01/2021-03-01,3.3
301,3,SN18245,2013-12-31/2021-03-01,3.3
1825,18,SN77280,2011-11-29/2021-03-01,3.683550296
2600,26,SN76939,1982-01-01/2021-03-01,9.902359109
3439,34,SN13140,1996-08-24/2021-03-01,3.3
3804,38,SN27540,2013-05-22/2021-03-01,3.3
4647,46,SN56250,2011-01-01/2021-03-01,6.555498602
2600,26,SN76957,2000-01-01/2021-03-01,9.469304229
3024,30,SN19510,1967-05-19/2021-03-01,3.3
5022,50,SN66720,2004-12-24/2021-03-01,3.3
3434,34,SN55290,1978-12-01/2021-03-01,-2.374339738
3005,30,SN26894,2013-03-26/2021-03-01,3.3
1531,15,SN60870,2019-09-18/2021-03-01,3.3
4626,46,SN50526,2016-11-16/2021-03-01,8.518892989
3005,30,SN19932,2015-07-01/2021-03-01,4.399605782
4204,42,SN39212,2012-01-01/2021-03-01,7.654383117
3045,30,SN26230,2018-11-28/2021-03-01,4.611756757
3804,38,SN27450,1959-04-01/2021-03-01,6.594754696
2400,24,SN76930,1998-02-11/2021-03-01,7.031993385
5440,54,SN98265,2013-07-22/2021-03-01,0.312002308
5021,50,SN63580,1965-07-01/2021-03-01,3.3
5401,54,SN90980,2003-12-05/2021-03-01,3.3
4649,46,SN58780,1972-01-01/2021-03-01,3.3
2100,21,SN99790,1934-09-03/2021-03-01,-3.976408715
4644,46,SN55550,1895-07-01/2021-03-01,3.3
4207,42,SN42720,1895-07-01/2021-03-01,3.3
5437,54,SN97251,2004-07-08/2021-03-01,-0.781529605
1848,18,SN83300,1915-06-18/2021-03-01,3.3
1865,18,SN85480,2011-01-01/2021-03-01,5.44394314
5437,54,SN97350,1955-01-01/2021-03-01,-1.808986715
5416,54,SN88100,1907-05-01/2021-03-01,1.448023256
4647,46,SN57150,2017-07-06/2021-03-01,5.251826259
3814,38,SN34370,2012-01-01/2021-03-01,5.017672682
5045,50,SN73550,2007-12-15/2021-03-01,3.876593977
5421,54,SN88623,2012-02-22/2021-03-01,3.3
3811,38,SN27435,2015-11-19/2021-03-01,7.549072602
3024,30,SN19405,2015-03-20/2021-03-01,3.3
5027,50,SN67270,2012-01-01/2021-03-01,3.275302013
3805,38,SN27785,2011-01-01/2021-03-01,5.537140366
3801,38,SN27130,2012-01-01/2021-03-01,6.107587383
5441,54,SN96850,2012-11-03/2021-03-01,0.409120952
4647,46,SN57365,2011-01-01/2021-03-01,6.371132075
3440,34,SN13125,2011-01-01/2021-03-01,4.809795631
5441,54,SN96931,1999-08-09/2021-03-01,3.3
1134,11,SN46150,1957-01-01/2021-03-01,3.3
3423,34,SN8720,1903-01-01/2021-03-01,3.3
5001,50,SN68230,1986-12-11/2021-03-01,5.665956072
4619,46,SN29400,2008-10-04/2021-03-01,-1.504965791
3806,38,SN30270,1973-10-30/2021-03-01,3.3
1838,18,SN80880,2015-08-28/2021-03-01,1.66894658
5041,50,SN70850,1895-07-01/2021-03-01,3.544926218
5426,54,SN91530,2016-08-27/2021-03-01,-3.645780856
4227,42,SN42490,2012-01-01/2021-03-01,2.779398762
4614,46,SN48070,2011-01-01/2021-03-01,8.963347165
3025,30,SN19710,1913-01-01/2021-03-01,5.876666355
5032,50,SN69190,2013-12-19/2021-03-01,3.760900058
3012,30,SN1650,1883-01-01/2021-03-01,3.3
1112,11,SN43010,1998-02-19/2021-03-01,7.080007157
5419,54,SN89233,2006-03-15/2021-03-01,-0.472721479
1840,18,SN81930,1987-11-01/2021-03-01,-1.139473684
5424,54,SN91180,2003-12-08/2021-03-01,3.44525593
3437,34,SN16265,2012-01-01/2021-03-01,2.820472931
4613,46,SN48061,2014-12-01/2021-03-01,7.937815126
3431,34,SN9303,2008-01-14/2021-03-01,-2.58799505
3014,30,SN3480,2010-01-21/2021-03-01,4.909446861
5427,54,SN91727,2011-01-26/2021-03-01,3.3
5058,50,SN71810,1975-01-01/2021-03-01,3.3
3005,30,SN26780,2015-02-10/2021-03-01,6.648640483
1103,11,SN44580,1983-07-08/2021-03-01,3.3
3033,30,SN4781,1966-05-01/2021-03-01,3.3
1520,15,SN59680,1971-06-01/2021-03-01,6.484995494
1133,11,SN45675,2013-06-10/2021-03-01,9.313075611
1822,18,SN78350,1971-08-01/2021-03-01,3.3
4205,42,SN41090,2009-08-26/2021-03-01,8.227854424
3003,30,SN3005,2010-01-21/2021-03-01,6.584166165
5444,54,SN99380,1986-01-01/2021-03-01,0.3
1578,15,SN60640,2014-07-21/2021-03-01,7.765908133
5433,54,SN92750,1984-01-01/2021-03-01,4.33608176
1124,11,SN44562,2017-12-06/2021-03-01,3.3
3453,34,SN23550,2010-08-28/2021-03-01,1.355720615
1865,18,SN86290,2014-09-17/2021-03-01,3.3
3005,30,SN26852,2012-09-25/2021-03-01,3.3
4641,46,SN53480,2013-11-28/2021-03-01,1.510572186
1160,11,SN46850,1936-10-01/2021-03-01,3.3
3807,38,SN30288,2018-11-27/2021-03-01,3.3
3806,38,SN30261,2015-03-18/2021-03-01,3.3
3816,38,SN32540,2013-12-19/2021-03-01,6.247305389
3042,30,SN25165,2011-01-01/2021-03-01,-0.01033033
3413,34,SN12210,2017-08-17/2021-03-01,3.3
3824,38,SN32890,2006-08-23/2021-03-01,3.191591252
1507,15,SN60945,2009-06-24/2021-03-01,8.178252701
5035,50,SN69100,1940-04-17/2021-03-01,5.607096281
5033,50,SN68840,1978-07-01/2021-03-01,3.3
3046,30,SN24600,1895-07-01/2021-03-01,3.3
1804,18,SN81365,2013-11-07/2021-03-01,3.3
1507,15,SN60810,2013-11-13/2021-03-01,4.298680241
3823,38,SN37600,2016-11-14/2021-03-01,4.594312394
4621,46,SN53160,1977-10-01/2021-03-01,3.3
3807,38,SN30282,2018-11-27/2021-03-01,3.3
3052,30,SN29600,1895-07-01/2021-03-01,3.3
301,3,SN18170,2012-04-16/2021-03-01,3.3
3035,30,SN11450,2012-12-19/2021-03-01,5.896421405
3805,38,SN29950,2000-12-01/2021-03-01,8.436910268
5027,50,SN67560,2007-11-27/2021-03-01,4.079180672
5041,50,SN70960,2012-01-01/2021-03-01,2.856601539
1511,15,SN59530,2020-09-16/2021-03-01,0.281481481
3813,38,SN34095,2013-10-11/2021-03-01,5.308744247
1535,15,SN61064,2019-10-23/2021-03-01,3.3
3048,30,SN26810,2014-02-18/2021-03-01,6.893011811
3805,38,SN30246,2011-07-12/2021-03-01,5.287358185
3427,34,SN66860,2011-09-15/2021-03-01,3.3
5421,54,SN88626,2012-02-24/2021-03-01,3.3
5028,50,SN67210,2011-01-01/2021-03-01,5.162195812
1841,18,SN81915,2019-07-29/2021-03-01,3.3
3817,38,SN32220,2013-11-21/2021-03-01,1.646819721
5060,50,SN75410,1890-12-01/2021-03-01,5.928738157
3804,38,SN27770,1990-05-01/2021-03-01,3.3
301,3,SN18215,2013-06-06/2021-03-01,3.3
5401,54,SN90510,2011-10-20/2021-03-01,2.736967382
4617,46,SN48450,1966-11-01/2021-03-01,3.3
4222,42,SN40420,1967-09-01/2021-03-01,3.3
5421,54,SN88500,2003-12-09/2021-03-01,3.3
1833,18,SN79600,1968-07-01/2021-03-01,3.337858423
1804,18,SN82220,2013-10-07/2021-03-01,5.187807276
4225,42,SN41990,2013-12-19/2021-03-01,6.918596491
5436,54,SN94870,2009-09-15/2021-03-01,3.3
3803,38,SN27330,2013-12-05/2021-03-01,7.134052213
4618,46,SN49087,2014-06-27/2021-03-01,-0.464636119
3811,38,SN27420,2016-06-20/2021-03-01,7.884918231
4647,46,SN57000,1987-01-01/2021-03-01,5.636456532
4612,46,SN47445,2012-01-01/2021-03-01,8.053265306
5001,50,SN68125,2012-01-18/2021-03-01,5.28224734
1866,18,SN86598,2017-06-09/2021-03-01,3.3
5443,54,SN98360,1999-09-09/2021-03-01,0.978294574
3405,34,SN13110,2011-08-22/2021-03-01,3.875
3443,34,SN11710,1968-06-01/2021-03-01,3.3
2800,28,SN77007,2004-04-01/2021-03-01,15.30425629
3006,30,SN28380,2003-02-17/2021-03-01,5.818384697
1149,11,SN47194,2013-10-29/2021-03-01,3.3
3806,38,SN30255,2013-07-02/2021-03-01,7.7184654
4644,46,SN55430,1963-12-01/2021-03-01,3.900410526
3808,38,SN30650,1970-03-05/2021-03-01,5.658922914
4202,42,SN38150,2013-12-19/2021-03-01,9.048316832
3020,30,SN17820,2019-01-24/2021-03-01,7.650626959
301,3,SN18233,2013-04-18/2021-03-01,3.3
5425,54,SN91380,2004-11-01/2021-03-01,3.099311734
2100,21,SN99760,1978-05-01/2021-03-01,-5.480397802
1122,11,SN44520,1962-01-01/2021-03-01,3.3
1133,11,SN46090,2013-06-10/2021-03-01,9.052839684
1144,11,SN44610,2005-04-26/2021-03-01,8.854762316
4640,46,SN55735,2004-12-24/2021-03-01,3.738490214
3023,30,SN17775,2014-10-27/2021-03-01,3.3
1505,15,SN64330,1970-06-01/2021-03-01,7.33467971
4204,42,SN39200,2005-06-11/2021-03-01,3.3
5058,50,SN71750,1966-08-01/2021-03-01,4.864604811
3818,38,SN31520,1970-12-01/2021-03-01,-1.293232044
3040,30,SN24890,2003-11-17/2021-03-01,4.032696593
5021,50,SN63630,2015-10-06/2021-03-01,-2.20757884
1841,18,SN82130,2012-01-01/2021-03-01,5.274899019
2300,23,SN77034,2018-11-01/2021-03-01,3.3
4621,46,SN51940,2012-01-01/2021-03-01,4.830734767
4222,42,SN40510,2011-10-03/2021-03-01,0.5123979
5424,54,SN91120,2013-09-04/2021-03-01,0.462047532
5061,50,SN64590,2014-12-01/2021-03-01,4.252612827
3411,34,SN12960,1977-11-01/2021-03-01,0.61779661
4601,46,SN50570,2016-08-10/2021-03-01,6.675196138
4642,46,SN54320,1974-10-01/2021-03-01,3.3
1566,15,SN64970,2019-01-24/2021-03-01,3.116636197
2600,26,SN76965,2014-01-01/2021-03-01,8.725377229
2100,21,SN99700,1956-09-01/2021-03-01,3.3
3819,38,SN31855,2012-01-01/2021-03-01,2.483018868
3021,30,SN17850,1874-01-01/2021-03-01,5.475151607
4645,46,SN57030,2016-11-17/2021-03-01,7.650293686
3803,38,SN27261,2020-02-01/2021-03-01,8.719011407
5401,54,SN91060,2009-01-15/2021-03-01,3.3
3824,38,SN37570,1953-01-01/2021-03-01,3.3
3817,38,SN32061,2005-01-01/2021-03-01,6.54008947
5401,54,SN90360,2013-06-11/2021-03-01,2.783254717
3031,30,SN4455,2018-11-28/2021-03-01,5.270627503
3005,30,SN27010,2010-03-19/2021-03-01,5.805226307
5059,50,SN65275,2014-09-11/2021-03-01,3.666224367
4650,46,SN57990,1972-01-01/2021-03-01,3.3
4602,46,SN59210,1500-01-01/2021-03-01,3.3
4622,46,SN50310,2006-08-01/2021-03-01,4.866723005
2600,26,SN76938,1986-01-01/2021-03-01,9.815151515
1851,18,SN85040,1938-06-03/2021-03-01,5.515410886
4621,46,SN51530,2004-01-22/2021-03-01,6.187962815
3432,34,SN16845,2011-01-01/2021-03-01,1.40680317
1122,11,SN44900,1972-01-01/2021-03-01,3.3
3405,34,SN12700,2015-11-17/2021-03-01,5.078522838
3802,38,SN26750,2012-01-01/2021-03-01,4.493654434
4649,46,SN58860,2015-10-02/2021-03-01,1.557830715
1833,18,SN79253,2006-03-15/2021-03-01,1.138282763
4625,46,SN50175,2012-04-27/2021-03-01,8.545696401
4601,46,SN50830,2012-01-01/2021-03-01,8.217631918
3003,30,SN3190,1896-07-01/2021-03-01,7.50891621
4626,46,SN50525,2012-01-01/2021-03-01,8.152664756
1119,11,SN43895,2013-06-11/2021-03-01,8.612587413
3806,38,SN30258,2015-03-18/2021-03-01,3.3
1133,11,SN45770,2005-01-01/2021-03-01,7.782214765
4647,46,SN56895,2017-07-06/2021-03-01,4.995704949
1515,15,SN59820,2020-09-16/2021-03-01,5.78
3413,34,SN5370,2020-09-16/2021-03-01,-0.645806452
2100,21,SN99879,2019-08-21/2021-03-01,3.3
5406,54,SN94245,2003-12-04/2021-03-01,3.3
3002,30,SN17150,1955-03-01/2021-03-01,6.320597386
301,3,SN18020,1985-05-15/2021-03-01,6.737772152
4601,46,SN50507,2012-01-01/2021-03-01,8.075552421
5001,50,SN68173,2015-12-15/2021-03-01,3.3
5042,50,SN73466,2019-09-25/2021-03-01,1.083204633
5001,50,SN67150,1960-08-01/2021-03-01,3.3
1806,18,SN84905,2014-12-01/2021-03-01,-0.577073808
4640,46,SN55720,2019-09-19/2021-03-01,1.008695652
1820,18,SN76750,1968-07-01/2021-03-01,6.709636248
3807,38,SN30428,2012-01-01/2021-03-01,6.552404238
5423,54,SN90800,1933-09-11/2021-03-01,4.26647337
4633,46,SN52535,2004-08-23/2021-03-01,8.385516436
2100,21,SN99870,2016-11-21/2021-03-01,-3.708653846
1870,18,SN86520,1956-01-01/2021-03-01,4.478040651
301,3,SN18980,2000-01-01/2021-03-01,7.699410029
4220,42,SN39750,2011-09-23/2021-03-01,6.980301712
2500,25,SN76956,2015-09-09/2021-03-01,4.538446215
5021,50,SN63705,1999-12-01/2021-03-01,4.006519778
4634,46,SN52750,1895-05-09/2021-03-01,3.3
3803,38,SN27315,2005-01-01/2021-03-01,7.081561969
3049,30,SN19940,2005-01-01/2021-03-01,6.736055108
5034,50,SN69420,2000-09-01/2021-03-01,3.3
4618,46,SN33990,2013-07-24/2021-03-01,0.857631258
3806,38,SN30249,2015-03-18/2021-03-01,3.3
3001,30,SN1135,2013-10-07/2021-03-01,5.896961862
1579,15,SN62700,1923-01-01/2021-03-01,6.378571429
5422,54,SN90100,2015-10-02/2021-03-01,2.607081437
3802,38,SN27055,2015-11-02/2021-03-01,6.318806959
5401,54,SN90450,1895-08-01/2021-03-01,2.912399706
4211,42,SN35210,2012-01-04/2021-03-01,6.548504785
1539,15,SN61408,2011-01-01/2021-03-01,7.092056338
5421,54,SN88440,2003-12-08/2021-03-01,3.3
1112,11,SN43007,2013-06-10/2021-03-01,7.403396661
5001,50,SN68110,1902-07-01/2021-03-01,2.7
3825,38,SN31550,1949-10-04/2021-03-01,3.3
5427,54,SN91715,2013-10-07/2021-03-01,3.705853358
3803,38,SN27270,1999-01-01/2021-03-01,7.963859453
4618,46,SN46425,2015-11-03/2021-03-01,3.48113069
2800,28,SN77001,1950-02-14/2021-03-01,7.122193747
1124,11,SN44550,1949-01-01/2021-03-01,3.3
1860,18,SN85560,1972-06-01/2021-03-01,5.296495053
5055,50,SN65230,1998-04-01/2021-03-01,3.3
1149,11,SN47262,2013-10-29/2021-03-01,3.3
4640,46,SN55705,2011-01-01/2021-03-01,6.16946461
4613,46,SN48330,1923-07-01/2021-03-01,8.027046278
1160,11,SN46930,2011-10-21/2021-03-01,7.704036268
5001,50,SN69010,2019-09-01/2021-03-01,2.707489879
5426,54,SN91251,2018-04-04/2021-03-01,4.123773585
1532,15,SN60980,2017-11-27/2021-03-01,8.327299413
3401,34,SN5660,1991-01-01/2021-03-01,4.93977606
301,3,SN18310,2013-06-05/2021-03-01,3.3
4619,46,SN49631,2003-07-19/2021-03-01,3.3
4617,46,SN47890,1968-01-01/2021-03-01,3.3
1535,15,SN61070,2011-01-01/2021-03-01,5.038573086
2800,28,SN20930,1982-12-09/2021-03-01,3.3
5423,54,SN90650,1971-01-01/2021-03-01,3.3
4618,46,SN46410,2018-11-28/2021-03-01,4.699196787
1506,15,SN62290,1974-04-04/2021-03-01,7.840411373
1845,18,SN82970,2011-01-01/2021-03-01,3.471010491
4214,42,SN38730,2012-01-04/2021-03-01,6.028738038
3424,34,SN8800,2011-03-28/2021-03-01,1.724407583
4638,46,SN56010,1981-08-01/2021-03-01,3.3
3426,34,SN770,1968-07-01/2021-03-01,3.3
1860,18,SN85590,2019-11-15/2021-03-01,3.3
3411,34,SN12550,1951-04-01/2021-03-01,4.482982195
5054,50,SN71280,1970-10-01/2021-03-01,3.3
3044,30,SN25640,1895-07-01/2021-03-01,3.3
3030,30,SN18265,2015-11-04/2021-03-01,6.005782575
4217,42,SN37070,2016-04-19/2021-03-01,0.770640714
2600,26,SN76968,1999-04-21/2021-03-01,8.889085948
1812,18,SN76250,1984-09-01/2021-03-01,3.3
1860,18,SN85545,2017-02-16/2021-03-01,3.3
3423,34,SN8450,1971-05-01/2021-03-01,3.3
3005,30,SN26950,2005-01-01/2021-03-01,7.30318685
3808,38,SN30530,1923-01-01/2021-03-01,3.3
3425,34,SN420,1968-06-19/2021-03-01,3.3
5001,50,SN67153,2013-12-19/2021-03-01,7.090189873
5041,50,SN70930,1994-06-18/2021-03-01,3.3
1505,15,SN64300,1973-09-27/2021-03-01,7.772312925
1579,15,SN62900,1923-01-01/2021-03-01,3.3
3023,30,SN17781,2014-11-23/2021-03-01,3.3
5001,50,SN68050,2012-02-01/2021-03-01,6.668018617
2300,23,SN76950,1982-05-25/2021-03-01,7.324481328
5059,50,SN66175,2012-01-01/2021-03-01,4.921939587
3016,30,SN1380,2010-01-21/2021-03-01,6.314097181
4618,46,SN49245,2018-03-20/2021-03-01,4.793273543
4628,46,SN52170,1895-07-01/2021-03-01,3.3
1837,18,SN80700,1916-01-01/2021-03-01,5.38572327
3439,34,SN13160,1992-09-16/2021-03-01,0.558287778
2600,26,SN76959,2014-04-24/2021-03-01,8.694993234
4601,46,SN50770,2011-01-01/2021-03-01,6.360942761
2600,26,SN76932,2003-01-01/2021-03-01,8.837209705
2400,24,SN77040,2018-11-08/2021-03-01,5.883693517
1833,18,SN79220,2011-08-30/2021-03-01,4.52288844
2100,21,SN99927,1997-08-07/2021-03-01,-5.066211937
3029,30,SN4090,2014-09-16/2021-03-01,3.3
4203,42,SN36200,1867-07-01/2021-03-01,7.700800639
3818,38,SN31400,2016-12-21/2021-03-01,2.494017094
3014,30,SN3731,2014-09-11/2021-03-01,3.3
1806,18,SN84630,1979-01-01/2021-03-01,-1.251331615
3017,30,SN17090,2010-01-21/2021-03-01,7.359717964
4650,46,SN58100,1975-06-01/2021-03-01,7.273046547
1867,18,SN86810,2016-04-19/2021-03-01,5.389529915
301,3,SN76914,2019-10-09/2021-03-01,7.087901235
4626,46,SN52475,2011-05-04/2021-03-01,3.3
2600,26,SN76923,1989-11-01/2021-03-01,8.289670053
3034,30,SN4960,2011-01-01/2021-03-01,5.085111821
2600,26,SN76995,2014-05-05/2021-03-01,9.057005495
3434,34,SN15430,1902-01-01/2021-03-01,0.986764706
4203,42,SN36110,2013-11-01/2021-03-01,3.3
3825,38,SN31660,1930-09-01/2021-03-01,-0.249537893
4601,46,SN50815,2015-11-03/2021-03-01,7.62646356
3005,30,SN26932,2012-09-25/2021-03-01,3.3
3803,38,SN27282,2020-04-15/2021-03-01,7.213688213
4639,46,SN53130,1978-10-01/2021-03-01,3.3
5442,54,SN98976,2018-10-06/2021-03-01,-1.225635104
4216,42,SN38380,1958-09-01/2021-03-01,3.3
5412,54,SN87860,1983-01-01/2021-03-01,3.3
3454,34,SN23720,1887-01-01/2021-03-01,3.3
301,3,SN18920,1998-09-29/2021-03-01,7.121683673
3403,34,SN12290,1968-05-20/2021-03-01,5.237361684
2100,21,SN99855,2019-08-21/2021-03-01,3.3
3030,30,SN4260,1972-10-01/2021-03-01,6.067684564
4621,46,SN51470,1895-01-01/2021-03-01,6.048277244
1804,18,SN82450,2019-01-28/2021-03-01,3.3
3437,34,SN16040,2014-12-06/2021-03-01,3.806625442
5403,54,SN94230,2010-07-16/2021-03-01,3.638871737
3413,34,SN12030,2015-11-04/2021-03-01,6.382919488
1824,18,SN78170,2012-01-01/2021-03-01,4.038949672
5022,50,SN66740,2014-09-11/2021-03-01,3.66714032
1539,15,SN61420,2010-02-22/2021-03-01,6.615663849
1114,11,SN43530,2013-06-11/2021-03-01,7.976077348
3004,30,SN17000,1994-05-09/2021-03-01,8.173234723
3001,30,SN2980,2010-01-21/2021-03-01,7.128364269
4211,42,SN35090,1980-06-01/2021-03-01,3.3
5424,54,SN91200,2016-02-29/2021-03-01,3.3
1806,18,SN84920,2012-01-01/2021-03-01,3.09382494
3002,30,SN17380,2005-01-01/2021-03-01,7.590673928
3005,30,SN26594,2012-09-25/2021-03-01,3.3
1875,18,SN83520,1985-07-01/2021-03-01,3.3
4651,46,SN58390,2005-10-17/2021-03-01,3.3
3048,30,SN26630,2016-11-01/2021-03-01,6.156987875
1119,11,SN44080,1919-08-20/2021-03-01,7.337272883
1566,15,SN64760,2005-01-01/2021-03-01,5.727489627
5405,54,SN98790,1974-08-01/2021-03-01,1.676358943
3403,34,SN12320,1956-05-18/2021-03-01,5.2202927
4641,46,SN53680,2017-09-18/2021-03-01,2.649013158
301,3,SN18690,2011-01-01/2021-03-01,5.737446809
3039,30,SN24710,1922-12-01/2021-03-01,5.371106048
5426,54,SN91505,2012-01-01/2021-03-01,4.328692494
5434,54,SN94430,2015-11-02/2021-03-01,2.946304045
3004,30,SN17030,2002-01-01/2021-03-01,3.3
1525,15,SN60247,2014-12-01/2021-03-01,4.930039267
3411,34,SN12580,2011-01-01/2021-03-01,5.259572072
1135,11,SN46610,1928-03-01/2021-03-01,6.554874561
3818,38,SN31080,1983-07-01/2021-03-01,3.3
5414,54,SN87970,2011-01-01/2021-03-01,3.075719718
1804,18,SN81340,2014-12-01/2021-03-01,4.699101412
2100,21,SN99840,1964-10-16/2021-03-01,-4.663883717
3044,30,SN25580,2011-01-01/2021-03-01,3.002208019
2600,26,SN76926,1993-10-01/2021-03-01,9.389404194
301,3,SN18645,2013-12-30/2021-03-01,3.3
3005,30,SN26872,2012-09-25/2021-03-01,3.3
4639,46,SN53070,1963-06-20/2021-03-01,3.3
1573,15,SN65370,1963-10-01/2021-03-01,5.639825762
1834,18,SN80102,2007-11-01/2021-03-01,6.469241833
1845,18,SN82650,1971-10-01/2021-03-01,3.637233723
1149,11,SN47220,2013-06-10/2021-03-01,8.703109101
301,3,SN18205,2013-12-31/2021-03-01,3.3
5058,50,SN71740,2012-09-17/2021-03-01,3.3
3030,30,SN4200,1923-03-22/2021-03-01,5.958629937
5037,50,SN69865,2013-11-01/2021-03-01,3.3
1525,15,SN60310,2015-11-04/2021-03-01,2.295918367
4206,42,SN42160,1867-07-01/2021-03-01,7.821167436
3814,38,SN34130,1994-08-24/2021-03-01,8.195527596
3811,38,SN27500,1885-01-01/2021-03-01,7.670354484
5001,50,SN68860,1923-01-01/2021-03-01,5.213125225
3025,30,SN19820,1989-07-28/2021-03-01,3.3
1837,18,SN80730,2012-01-01/2021-03-01,7.969702176
1578,15,SN60400,1895-07-01/2021-03-01,3.3
5422,54,SN89980,2003-12-05/2021-03-01,1.08145807
3804,38,SN27590,2013-04-25/2021-03-01,3.3
3803,38,SN27285,2012-01-01/2021-03-01,6.007238229
1826,18,SN77850,1895-01-01/2021-03-01,3.3
3421,34,SN100,1901-01-01/2021-03-01,3.3
1507,15,SN60947,2012-01-01/2021-03-01,8.91975453
4618,46,SN49490,1865-01-01/2021-03-01,7.252970199
1865,18,SN85440,1962-07-15/2021-03-01,3.3
4651,46,SN58480,1940-01-01/2021-03-01,3.3
4601,46,SN50450,1896-07-01/2021-03-01,3.3
4224,42,SN41550,1971-08-01/2021-03-01,3.3
1804,18,SN82560,1982-11-01/2021-03-01,3.3
2600,26,SN76962,2014-06-12/2021-03-01,7.49
4214,42,SN36490,1977-08-01/2021-03-01,3.3
4601,46,SN50540,1949-11-28/2021-03-01,8.062474931
5424,54,SN91245,2003-12-03/2021-03-01,3.3
4631,46,SN52415,2011-01-01/2021-03-01,7.218294426
1824,18,SN77240,1990-09-27/2021-03-01,3.3
3807,38,SN30380,2002-12-14/2021-03-01,1.6
301,3,SN18950,1927-08-01/2021-03-01,4.013320652
2600,26,SN76935,1992-01-01/2021-03-01,8.643235704
3054,30,SN20520,1895-07-01/2021-03-01,3.3
5056,50,SN65451,2012-09-19/2021-03-01,7.345540058
4648,46,SN57789,2015-11-02/2021-03-01,5.39370126
1108,11,SN44780,2013-06-11/2021-03-01,7.973423689
5432,54,SN92860,2013-11-05/2021-03-01,0.298036254
1806,18,SN83960,2014-12-01/2021-03-01,4.051315789
3043,30,SN25320,1949-09-01/2021-03-01,3.3
3028,30,SN17640,2012-01-01/2021-03-01,5.9873706
4611,46,SN47600,1925-12-01/2021-03-01,3.3
4647,46,SN56850,1992-09-01/2021-03-01,3.3
3807,38,SN30320,1985-05-01/2021-03-01,3.3
4631,46,SN52400,1968-09-01/2021-03-01,3.3
3439,34,SN13390,2014-09-11/2021-03-01,3.368671121
3004,30,SN3019,2002-04-01/2021-03-01,3.3
5421,54,SN88628,2014-09-11/2021-03-01,4.212453669
4614,46,SN48120,1985-01-01/2021-03-01,8.322864364
5022,50,SN66620,1992-07-01/2021-03-01,3.3
4649,46,SN58770,2017-07-06/2021-03-01,6.34299308
3025,30,SN19760,2016-03-01/2021-03-01,3.3
3807,38,SN30410,2018-11-27/2021-03-01,3.3
3024,30,SN19428,2016-09-22/2021-03-01,3.3
3050,30,SN28750,2008-02-21/2021-03-01,4.848777506
3807,38,SN30275,2018-11-27/2021-03-01,3.3
1833,18,SN79764,2009-02-04/2021-03-01,2.371701113
3431,34,SN16620,2012-01-01/2021-03-01,-0.34375
5035,50,SN69150,1987-05-12/2021-03-01,6.067718056
1563,15,SN64700,1898-07-01/2021-03-01,4.962868118
3433,34,SN15660,1895-07-01/2021-03-01,3.3
1865,18,SN85380,1933-05-01/2021-03-01,5.410118223
2600,26,SN76920,1980-01-01/2021-03-01,9.341432937
3431,34,SN9380,2014-10-07/2021-03-01,-1.958244111
5001,50,SN68863,2000-01-01/2021-03-01,5.94928952
4639,46,SN53010,2013-06-11/2021-03-01,2.246392694
3007,30,SN24210,1947-01-01/2021-03-01,2.9188
1865,18,SN85470,1978-10-01/2021-03-01,3.3
4601,46,SN50480,1983-07-01/2021-03-01,8.076655518
5425,54,SN91490,2018-01-23/2021-03-01,-0.038864629
4618,46,SN49080,2013-01-01/2021-03-01,3.3
3431,34,SN16611,2011-01-01/2021-03-01,0.716616766
301,3,SN18235,2013-05-30/2021-03-01,3.3
3013,30,SN1960,2010-01-21/2021-03-01,5.610790464
4650,46,SN58070,1957-06-01/2021-03-01,7.215633503
2100,21,SN99735,1992-09-03/2021-03-01,-5.047886729
4621,46,SN51440,2010-12-13/2021-03-01,6.480660757
4622,46,SN50040,2015-11-03/2021-03-01,8.300821114
1806,18,SN84770,2019-04-12/2021-03-01,5.43248
2100,21,SN99843,2018-02-01/2021-03-01,-5.80249777
4648,46,SN57810,1973-01-01/2021-03-01,8.470363349
1573,15,SN65310,2002-07-01/2021-03-01,7.846443515
4629,46,SN52310,2008-10-02/2021-03-01,5.838195057
1149,11,SN47232,2013-10-29/2021-03-01,3.3
4222,42,SN40880,1994-11-01/2021-03-01,1.356742557
3821,38,SN32850,1971-10-01/2021-03-01,3.3
3024,30,SN19527,2019-09-01/2021-03-01,5.477680525
4620,46,SN53530,2011-11-22/2021-03-01,0.157518464
1149,11,SN47241,1968-08-12/2021-03-01,3.3
5001,50,SN68262,2019-10-01/2021-03-01,4.389156627
1833,18,SN79791,2011-01-01/2021-03-01,-0.886749117
4204,42,SN39220,1900-05-01/2021-03-01,3.3
1517,15,SN59586,2013-07-22/2021-03-01,6.370246479
3030,30,SN18280,2011-03-14/2021-03-01,5.992736706
5025,50,SN10600,1934-05-01/2021-03-01,3.3
4621,46,SN51610,2014-09-11/2021-03-01,5.643246517
3448,34,SN21680,1986-08-01/2021-03-01,2.780330822
3807,38,SN30293,2018-11-27/2021-03-01,3.3
5436,54,SN95590,2015-04-01/2021-03-01,3.3
4205,42,SN41795,2012-01-01/2021-03-01,6.401367989
3817,38,SN32240,2005-01-01/2021-03-01,6.442467621
5042,50,SN73250,1914-08-01/2021-03-01,3.3
1506,15,SN61820,1959-01-01/2021-03-01,3.3
3451,34,SN22990,2014-09-11/2021-03-01,3.860791367
3813,38,SN34115,2020-09-16/2021-03-01,1.934193548
5406,54,SN94280,1974-08-01/2021-03-01,2.829980513
3024,30,SN19455,2015-03-20/2021-03-01,3.3
3449,34,SN22730,1968-09-01/2021-03-01,3.3
3806,38,SN30248,2015-03-31/2021-03-01,3.3
3801,38,SN27162,2018-09-27/2021-03-01,7.239479638
3434,34,SN15050,2015-11-05/2021-03-01,3.880966469
3401,34,SN5495,2011-01-01/2021-03-01,3.033586819
5432,54,SN92650,2015-09-08/2021-03-01,3.47713998
3042,30,SN25110,2005-11-14/2021-03-01,2.393069484
3033,30,SN4780,1940-05-13/2021-03-01,4.563917218
5001,50,SN68238,2011-01-01/2021-03-01,6.899003736
1507,15,SN60890,1972-12-31/2021-03-01,8.117792793
5433,54,SN93000,2008-07-03/2021-03-01,0.766053258
4650,46,SN57660,1981-07-01/2021-03-01,3.3
4635,46,SN52860,1950-06-01/2021-03-01,7.230266775
5025,50,SN10800,2007-10-01/2021-03-01,1.074607063
3004,30,SN3120,2002-01-01/2021-03-01,3.3
3044,30,SN25541,1998-10-01/2021-03-01,1.092523942
3813,38,SN34100,2011-01-01/2021-03-01,4.926568552
1539,15,SN61410,2010-03-12/2021-03-01,-0.282661187
1804,18,SN81310,2020-09-16/2021-03-01,3
3025,30,SN19718,2016-03-01/2021-03-01,3.3
4225,42,SN41825,2005-01-01/2021-03-01,8.337912275
4643,46,SN54780,1966-07-01/2021-03-01,3.3
5401,54,SN90560,2011-10-20/2021-03-01,3.383240714
4617,46,SN48500,1930-01-01/2021-03-01,3.3
5026,50,SN67780,2012-01-02/2021-03-01,3.3
3024,30,SN19458,2016-01-18/2021-03-01,3.3
3413,34,SN12110,2017-08-24/2021-03-01,3.3
1149,11,SN47172,2013-10-29/2021-03-01,3.3
3033,30,SN4735,2020-11-11/2021-03-01,-3.426605505
5430,54,SN93700,1868-01-01/2021-03-01,-1.801291354
1838,18,SN80870,2015-11-02/2021-03-01,4.407681941
3420,34,SN6700,2012-01-01/2021-03-01,2.921335169
5403,54,SN94050,2019-09-01/2021-03-01,-1.293927126
4204,42,SN39160,2012-06-26/2021-03-01,3.3
5421,54,SN88640,2003-12-03/2021-03-01,3.3
3804,38,SN27730,2012-01-01/2021-03-01,5.040144665
4631,46,SN52555,2013-10-07/2021-03-01,7.517083144
4614,46,SN48069,2012-01-01/2021-03-01,8.979894974
3405,34,SN12666,2012-01-01/2021-03-01,3.908150852
3051,30,SN28923,2016-04-19/2021-03-01,5.263772455
3439,34,SN13420,1980-08-01/2021-03-01,0.476902834
3804,38,SN27470,1959-09-01/2021-03-01,6.021928553
5052,50,SN75550,1974-11-01/2021-03-01,6.377314815
5001,50,SN68175,2013-01-01/2021-03-01,5.789881657
1506,15,SN62200,2014-12-01/2021-03-01,4.882562278
1507,15,SN60800,1895-07-01/2021-03-01,7.556576655
5401,54,SN90721,2005-08-04/2021-03-01,3.201798022
1563,15,SN63420,1954-06-01/2021-03-01,7.521774484
1111,11,SN43090,1899-11-01/2021-03-01,3.3
3431,34,SN16560,2006-08-31/2021-03-01,2.57352719
3424,34,SN7660,1974-09-01/2021-03-01,3.3
3024,30,SN19530,1963-06-30/2021-03-01,3.3
4640,46,SN55740,2019-09-01/2021-03-01,2.377327935
3425,34,SN725,2014-09-11/2021-03-01,-3.722517123
3428,34,SN8880,2005-01-01/2021-03-01,2.362764173
3807,38,SN30305,2013-12-19/2021-03-01,5.719225543
3815,38,SN34800,1996-01-01/2021-03-01,3.3
2100,21,SN99720,1944-11-01/2021-03-01,-4.979191655
3418,34,SN6440,1989-07-01/2021-03-01,3.3
4612,46,SN47450,1990-06-01/2021-03-01,3.3
3801,38,SN27120,2015-07-01/2021-03-01,7.018695652
4622,46,SN50070,2003-11-16/2021-03-01,8.26080394
3021,30,SN17870,1974-04-19/2021-03-01,6.534335337
1101,11,SN43350,2010-04-15/2021-03-01,8.475094435
5444,54,SN99460,1973-01-01/2021-03-01,0.431366809
5425,54,SN91430,2003-10-13/2021-03-01,-0.042839506
5021,50,SN63725,2012-01-01/2021-03-01,2.86
3007,30,SN24240,2015-11-05/2021-03-01,4.58608903
3427,34,SN9580,2001-07-01/2021-03-01,1.66598649
1525,15,SN60190,2014-10-04/2021-03-01,1.089439932
3433,34,SN15950,2011-01-01/2021-03-01,0.063848921
1103,11,SN44660,1982-09-03/2021-03-01,3.3
3424,34,SN7920,2011-06-01/2021-03-01,3.3
5444,54,SN99370,1940-11-01/2021-03-01,0.027213864
3802,38,SN27075,2015-10-20/2021-03-01,5.858220503
1806,18,SN84710,1983-06-21/2021-03-01,3.3
3807,38,SN30350,2018-11-27/2021-03-01,3.3
5427,54,SN91726,2018-12-18/2021-03-01,3.3
1836,18,SN80610,1992-10-15/2021-03-01,6.411108961
1124,11,SN44552,2006-01-01/2021-03-01,3.3
2100,21,SN99765,1898-09-01/2021-03-01,-3.793835324
5007,50,SN72580,1968-07-01/2021-03-01,5.47460436
5401,54,SN91080,2004-09-27/2021-03-01,3.3
3002,30,SN17251,2004-04-10/2021-03-01,3.3
1806,18,SN84701,2018-12-13/2021-03-01,3.944059406
3805,38,SN30242,2011-01-01/2021-03-01,5.986247086
1825,18,SN77425,2007-12-19/2021-03-01,2.708649658
4621,46,SN51990,2013-11-15/2021-03-01,3.266541495
5421,54,SN88200,1997-08-01/2021-03-01,3.739061584
3429,34,SN8970,1991-12-01/2021-03-01,3.3
3023,30,SN17780,1967-06-01/2021-03-01,3.3
3030,30,SN4825,2011-01-01/2021-03-01,4.941672026
4647,46,SN56960,1895-07-01/2021-03-01,4.778180286
1130,11,SN45530,2010-07-01/2021-03-01,6.627027721
3442,34,SN11500,1930-09-08/2021-03-01,4.32841725
3805,38,SN30000,1883-06-01/2021-03-01,3.3
4207,42,SN42650,1940-11-01/2021-03-01,3.3
5045,50,SN73630,2015-11-04/2021-03-01,3.898064919
3807,38,SN30278,2018-11-27/2021-03-01,3.3
3035,30,SN11440,2011-07-12/2021-03-01,5.839402174
1505,15,SN64320,1986-06-01/2021-03-01,3.3
5442,54,SN98978,2018-10-12/2021-03-01,-2.275977011
4202,42,SN38140,1957-01-01/2021-03-01,7.272828633
4623,46,SN50351,1999-06-12/2021-03-01,3.3
3434,34,SN15262,2015-06-17/2021-03-01,-2.908829175
3023,30,SN17810,2014-10-24/2021-03-01,3.3
4647,46,SN58165,2017-07-06/2021-03-01,5.959326212
4623,46,SN50360,2011-01-01/2021-03-01,6.797033708
3039,30,SN26450,2011-01-01/2021-03-01,2.079342723
3019,30,SN17550,2012-01-01/2021-03-01,5.979403974
1865,18,SN86310,2014-09-17/2021-03-01,3.3
4601,46,SN50539,2003-06-18/2021-03-01,8.517337461
5034,50,SN69380,2004-04-15/2021-03-01,4.903338762
4223,42,SN39450,2012-01-01/2021-03-01,5.104692082
1507,15,SN60875,2020-01-20/2021-03-01,7.253580247
3433,34,SN15890,2008-10-01/2021-03-01,0.289984558
3031,30,SN4460,2007-01-08/2021-03-01,5.188705928
5059,50,SN66150,2006-08-08/2021-03-01,5.295619477
3421,34,SN180,1993-11-10/2021-03-01,2.766121842
1832,18,SN78370,1994-09-01/2021-03-01,3.3
5401,54,SN91020,2003-12-05/2021-03-01,3.3
1535,15,SN61090,2019-10-23/2021-03-01,3.3
2100,21,SN99902,1997-07-01/2021-03-01,3.3
5403,54,SN92895,2012-01-01/2021-03-01,0.348102094
3818,38,SN31250,1965-10-01/2021-03-01,3.3
2100,21,SN99938,1986-08-02/2021-03-01,-6.158663581
4651,46,SN58560,1918-01-01/2021-03-01,3.3
301,3,SN18420,1998-06-02/2021-03-01,6.890795724
3407,34,SN11790,2015-11-05/2021-03-01,3.352623907
4204,42,SN39100,1864-05-01/2021-03-01,7.639559947
5423,54,SN90760,2003-01-21/2021-03-01,3.868085624
3029,30,SN4110,2014-09-12/2021-03-01,3.3
301,3,SN18160,1935-09-17/2021-03-01,3.3
301,3,SN18815,2000-01-01/2021-03-01,7.255111111
4640,46,SN55770,2005-01-01/2021-03-01,8.052262674
1815,18,SN76450,1991-02-01/2021-03-01,6.297360406
3808,38,SN30810,1985-10-01/2021-03-01,1.350458716
5033,50,SN68420,1895-01-01/2021-03-01,3.3
1834,18,SN80200,1923-01-01/2021-03-01,5.281975737
3824,38,SN33430,2015-11-04/2021-03-01,1.461025224
4642,46,SN54110,2008-09-12/2021-03-01,6.696658606
1839,18,SN81420,2012-01-01/2021-03-01,-0.152176871
3024,30,SN19461,2019-09-01/2021-03-01,4.018852459
5411,54,SN87315,2012-01-01/2021-03-01,7.328399747
5021,50,SN66760,2019-09-01/2021-03-01,1.197368421
4618,46,SN46430,2013-11-01/2021-03-01,1.932125514
2800,28,SN77006,1991-01-01/2021-03-01,6.285635359
3024,30,SN19470,1971-11-01/2021-03-01,4.526734694
5440,54,SN98090,1974-08-01/2021-03-01,2.608635275
4611,46,SN47498,2005-01-01/2021-03-01,7.939854763
1563,15,SN63100,1895-07-01/2021-03-01,3.3
3427,34,SN66850,1895-07-01/2021-03-01,3.3
1811,18,SN76100,1951-07-01/2021-03-01,3.3
5401,54,SN90491,1998-04-02/2021-03-01,3.3
3417,34,SN5680,2011-01-01/2021-03-01,4.635145151
1539,15,SN61790,2015-11-05/2021-03-01,5.735477941
5430,54,SN93900,1913-04-01/2021-03-01,-2.371773396
4651,46,SN58910,2012-01-01/2021-03-01,6.315758131
2600,26,SN76961,2015-06-23/2021-03-01,9.477823691
1160,11,SN47480,2013-06-10/2021-03-01,7.59836353
3413,34,SN12050,2012-01-01/2021-03-01,5.137691835
1804,18,SN82210,2013-10-07/2021-03-01,2.66703163
26,0,SN77042,2020-09-01/2021-03-01,3.3
5425,54,SN91460,2018-11-27/2021-03-01,-0.103217158
3825,38,SN33950,2011-05-09/2021-03-01,1.444747802
3803,38,SN27320,2004-12-24/2021-03-01,5.348961661
1859,18,SN85610,2007-04-28/2021-03-01,3.3
3005,30,SN27015,2012-10-13/2021-03-01,3.3
3414,34,SN5330,2012-01-01/2021-03-01,3.530225282
4228,42,SN42940,2007-07-02/2021-03-01,3.992386295
5428,54,SN91675,2015-11-02/2021-03-01,3.352835408
3422,34,SN7950,2011-12-09/2021-03-01,3.198397626
3001,30,SN1230,1882-12-01/2021-03-01,3.3
4647,46,SN57340,2015-09-07/2021-03-01,1.614779559
5427,54,SN91729,2014-09-19/2021-03-01,-1.411598052
3427,34,SN9870,1953-09-01/2021-03-01,3.3
3005,30,SN26970,2011-07-14/2021-03-01,6.464463397
1859,18,SN85640,2012-01-01/2021-03-01,4.721529175
2600,26,SN76937,1997-01-01/2021-03-01,9.059891599
3805,38,SN27870,2015-11-02/2021-03-01,6.315993538
301,3,SN18315,2016-01-07/2021-03-01,8.66690027
1825,18,SN77350,2015-11-05/2021-03-01,2.545775536
2300,23,SN76946,1980-10-01/2021-03-01,5.150980392
1577,15,SN69661,2014-09-11/2021-03-01,6.600770142
5418,54,SN89130,2013-12-17/2021-03-01,3.3
3817,38,SN32060,1997-05-13/2021-03-01,6.649838895
1506,15,SN62295,2016-10-21/2021-03-01,5.421722609
4601,46,SN50865,2016-08-10/2021-03-01,5.940458937
2300,23,SN77027,2014-12-15/2021-03-01,8.630248619
3815,38,SN34680,2020-09-16/2021-03-01,0.679220779
1806,18,SN84070,1964-01-01/2021-03-01,3.3
3047,30,SN19930,1979-10-01/2021-03-01,3.3
5001,50,SN68010,2016-05-01/2021-03-01,7.663478261
1505,15,SN64242,2014-01-06/2021-03-01,7.755612536
5421,54,SN88690,1979-11-01/2021-03-01,4.41153362
4619,46,SN49860,2011-01-01/2021-03-01,-0.351625387
5444,54,SN99340,2011-09-22/2021-03-01,3.3
1804,18,SN82410,2005-01-27/2021-03-01,6.149804322
5006,50,SN70980,2011-01-01/2021-03-01,4.489940476
1848,18,SN83280,2011-01-01/2021-03-01,5.377382319
2400,24,SN76928,1995-10-21/2021-03-01,7.117790451
3422,34,SN6840,2011-04-14/2021-03-01,2.963620072
3421,34,SN210,2018-10-11/2021-03-01,0.511825488
1557,15,SN62950,2016-11-16/2021-03-01,8.473854245
4638,46,SN56320,1895-07-01/2021-03-01,3.3
1576,15,SN65130,2019-09-25/2021-03-01,3.3
2800,28,SN77000,1983-06-01/2021-03-01,3.3
5037,50,SN69625,2012-01-01/2021-03-01,8.439737171
5422,54,SN90305,2014-12-01/2021-03-01,3.381371969
3420,34,SN6580,2011-03-14/2021-03-01,4.169993762
1121,11,SN44190,1981-08-13/2021-03-01,7.856756757
3825,38,SN33890,1994-09-27/2021-03-01,1.754591556
1566,15,SN64870,2007-11-21/2021-03-01,4.146782178
4205,42,SN41005,2012-01-01/2021-03-01,6.806232687
3421,34,SN120,2012-01-01/2021-03-01,2.472282263
5404,54,SN98550,1829-06-01/2021-03-01,1.4506853
3040,30,SN24820,2015-11-04/2021-03-01,3.588521739
5403,54,SN93140,1963-12-01/2021-03-01,1.901391679
3430,34,SN10070,2011-03-14/2021-03-01,0.930207065
5406,54,SN94235,2015-11-05/2021-03-01,3.67329773
3446,34,SN20540,2005-01-01/2021-03-01,5.295035223
2400,24,SN76964,2014-03-27/2021-03-01,5.473076923
5432,54,SN92880,2011-12-20/2021-03-01,3.3
3026,30,SN2830,2020-09-16/2021-03-01,1.405228758
1866,18,SN86600,1972-06-01/2021-03-01,5.152241814
3433,34,SN15480,1939-05-01/2021-03-01,3.3
301,3,SN18405,2013-03-21/2021-03-01,3.3
1127,11,SN44567,2013-06-10/2021-03-01,9.090341515
4618,46,SN46460,1967-01-01/2021-03-01,-3.234285714
3004,30,SN17005,2002-01-01/2021-03-01,3.3
5001,50,SN67140,1991-01-02/2021-03-01,6.145497791
4602,46,SN59110,1991-10-01/2021-03-01,7.955947045
3007,30,SN20280,2005-01-01/2021-03-01,6.638495575
4631,46,SN52390,2013-10-07/2021-03-01,7.744540491
3018,30,SN17400,2010-01-05/2021-03-01,6.465599498
1108,11,SN44800,1895-07-01/2021-03-01,3.3
3411,34,SN12600,1967-06-01/2021-03-01,3.3
4216,42,SN38421,1999-08-24/2021-03-01,3.3
3007,30,SN20361,2011-01-01/2021-03-01,5.847639752
301,3,SN18970,2019-07-01/2021-03-01,3.3
5014,50,SN71850,1983-09-01/2021-03-01,7.152357867
301,3,SN18701,1968-04-16/2021-03-01,7.488018433
4641,46,SN53700,1946-01-01/2021-03-01,3.3
5007,50,SN72200,2014-09-11/2021-03-01,3.363760049
4601,46,SN50506,2012-01-01/2021-03-01,8.499017199
4214,42,SN38735,2014-09-11/2021-03-01,6.065862069
301,3,SN18450,1877-01-01/2021-03-01,3.3
3017,30,SN17050,1942-03-01/2021-03-01,7.116230589
4602,46,SN57630,2011-01-01/2021-03-01,5.549837587
3025,30,SN19670,2015-03-19/2021-03-01,3.3
5058,50,SN71805,2012-01-01/2021-03-01,3.8742741
3034,30,SN4920,1998-12-01/2021-03-01,5.458155506
3451,34,SN23420,1892-10-01/2021-03-01,3.299523843
1507,15,SN61030,2018-11-28/2021-03-01,6.134743875
2100,21,SN99869,2019-08-21/2021-03-01,3.3
5435,54,SN94800,1957-01-01/2021-03-01,3.3
4638,46,SN55970,2014-12-01/2021-03-01,7.546546547
4204,42,SN39040,1939-06-01/2021-03-01,7.079541729
2211,22,SN99950,1908-08-01/2021-03-01,-0.366919058
3026,30,SN2480,2015-11-04/2021-03-01,5.709433962
1871,18,SN87120,2007-08-01/2021-03-01,2.006159509
3421,34,SN60,1968-07-01/2021-03-01,3.3
5404,54,SN98580,1998-10-07/2021-03-01,2.172660295
1822,18,SN78250,1949-01-01/2021-03-01,3.3
5042,50,SN73800,1907-01-01/2021-03-01,3.3
3405,34,SN12648,2015-11-17/2021-03-01,6.486783285
1840,18,SN81650,1997-06-01/2021-03-01,3.669279393
5059,50,SN66120,2013-01-01/2021-03-01,3.57375927
5007,50,SN75020,1974-07-01/2021-03-01,3.3
3429,34,SN9050,2019-09-01/2021-03-01,-1.312170385
5022,50,SN67340,2012-01-01/2021-03-01,2.78069874
1857,18,SN85840,1997-02-20/2021-03-01,6.285779275
3822,38,SN37150,2004-12-24/2021-03-01,4.863608656
3034,30,SN4950,2014-09-11/2021-03-01,5.533377748
3820,38,SN32350,1971-10-01/2021-03-01,3.3
1535,15,SN61060,2008-05-26/2021-03-01,7.642608882
1146,11,SN47055,2013-06-10/2021-03-01,8.409726444
3047,30,SN26500,2015-06-01/2021-03-01,5.636233422
3823,38,SN37500,1942-01-01/2021-03-01,3.3
3418,34,SN6170,2015-11-04/2021-03-01,4.697844228
4617,46,SN50150,1943-07-01/2021-03-01,3.3
3016,30,SN3290,1991-01-01/2021-03-01,6.015623593
3449,34,SN22840,1895-07-01/2021-03-01,3.3
3803,38,SN27272,2020-02-01/2021-03-01,7.690874525
3005,30,SN26590,2015-06-01/2021-03-01,6.971522634
3007,30,SN20301,2005-05-30/2021-03-01,6.218845619
4641,46,SN53990,2012-01-01/2021-03-01,0.67462346
4642,46,SN54645,2017-11-27/2021-03-01,0.308452042
1149,11,SN47270,1977-05-01/2021-03-01,3.3
5044,50,SN74670,2011-01-01/2021-03-01,2.490586797
5436,54,SN95350,1945-08-01/2021-03-01,1.088297564
3412,34,SN12280,2020-10-12/2021-03-01,-4.252173913
4227,42,SN41860,1986-05-01/2021-03-01,3.3
4621,46,SN51460,2011-01-01/2021-03-01,6.266081871
2600,26,SN76931,1998-01-04/2021-03-01,8.551649185
2600,26,SN76967,2014-06-02/2021-03-01,9.050894085
2600,26,SN20929,2019-06-01/2021-03-01,3.3
4642,46,SN54600,1895-01-01/2021-03-01,3.3
1840,18,SN82000,2009-02-04/2021-03-01,4.574092559
4640,46,SN55820,2005-11-20/2021-03-01,5.418782546
5439,54,SN96400,1927-11-28/2021-03-01,2.133149429
4635,46,SN52940,2013-06-11/2021-03-01,6.265889508
3435,34,SN14550,1950-09-01/2021-03-01,3.3
3439,34,SN13150,2009-11-18/2021-03-01,3.436295217
2600,26,SN76922,1978-01-01/2021-03-01,7.787876306
5021,50,SN63940,2012-01-01/2021-03-01,-1.494909502
1812,18,SN76240,2014-02-10/2021-03-01,4.581564246
3025,30,SN19825,2017-09-12/2021-03-01,7.924203822
5037,50,SN69960,1962-07-01/2021-03-01,3.3
5421,54,SN88460,1986-09-01/2021-03-01,3.3
5422,54,SN89985,2014-09-24/2021-03-01,-2.502219263
4601,46,SN50500,1955-10-02/2021-03-01,7.176475022
5036,50,SN69655,1989-12-01/2021-03-01,6.505474096
5437,54,SN97710,2014-09-15/2021-03-01,-1.524035608
3803,38,SN27281,2020-04-15/2021-03-01,7.542965779
4601,46,SN50850,2011-01-01/2021-03-01,7.856303419
1813,18,SN76330,1968-07-01/2021-03-01,6.773935465
3423,34,SN8135,2020-09-16/2021-03-01,-2.54379085
5426,54,SN91528,2020-01-08/2021-03-01,3.3
1578,15,SN60620,1972-11-01/2021-03-01,3.3
5034,50,SN69520,2011-08-22/2021-03-01,3.642376682
3405,34,SN12980,2015-11-17/2021-03-01,5.513008937
3453,34,SN13760,2017-11-27/2021-03-01,-1.827442827
3014,30,SN3730,2011-01-01/2021-03-01,5.269074074
3044,30,SN25630,2006-07-01/2021-03-01,2.244488042
3437,34,SN14200,2012-08-25/2021-03-01,0.682919755
4648,46,SN57830,2018-11-28/2021-03-01,5.135275081
5418,54,SN89940,2009-10-08/2021-03-01,0.846403656
2400,24,SN76958,2014-01-01/2021-03-01,7.964529332
1557,15,SN62980,2015-09-02/2021-03-01,1.687792725
2100,21,SN99872,2019-08-21/2021-03-01,3.3
1539,15,SN61580,2013-01-01/2021-03-01,3.26453202
1101,11,SN43520,2013-06-10/2021-03-01,5.88931475
5444,54,SN99540,2012-10-23/2021-03-01,0.202412426
4644,46,SN55300,2011-09-01/2021-03-01,3.3
5439,54,SN96310,1974-08-01/2021-03-01,2.659696539
5403,54,SN92910,1997-08-17/2021-03-01,3.3
5426,54,SN91510,2014-03-04/2021-03-01,3.3
4647,46,SN57480,1895-07-01/2021-03-01,3.3
1806,18,SN84880,2016-10-13/2021-03-01,1.572858036
3431,34,SN9310,2010-09-06/2021-03-01,0.704493208
4646,46,SN56520,1899-09-01/2021-03-01,3.3
5421,54,SN88630,2010-02-16/2021-03-01,3.3
3035,30,SN11060,2017-11-27/2021-03-01,4.692314902
4619,46,SN49800,1884-09-01/2021-03-01,2.871739512
3004,30,SN3030,1970-05-30/2021-03-01,3.3
3807,38,SN30340,2018-11-27/2021-03-01,3.3
3811,38,SN27460,2001-01-01/2021-03-01,7.464879075
1853,18,SN84970,1973-07-01/2021-03-01,3.878161471
3428,34,SN9400,2011-03-30/2021-03-01,1.6988125
4640,46,SN55928,2005-01-01/2021-03-01,7.716474185
1577,15,SN59660,2019-09-19/2021-03-01,3.3
3014,30,SN3990,2014-09-11/2021-03-01,5.443326345
1835,18,SN80340,1991-11-01/2021-03-01,3.3
1528,15,SN60010,2019-10-24/2021-03-01,3.3
3046,30,SN24670,2011-01-01/2021-03-01,3.784506173
1122,11,SN44480,1902-01-01/2021-03-01,3.3
4647,46,SN56780,1996-07-01/2021-03-01,3.3
2100,21,SN99935,2000-08-01/2021-03-01,-6.318840231
1108,11,SN45350,1895-01-01/2021-03-01,8.696663863
4601,46,SN50527,2015-11-03/2021-03-01,7.248655257
301,3,SN18390,2014-04-24/2021-03-01,3.3
1149,11,SN47264,2013-10-29/2021-03-01,3.3
3005,30,SN26934,2012-09-25/2021-03-01,3.3
3421,34,SN90,2011-04-14/2021-03-01,0.970378301
3811,38,SN27400,1895-07-01/2021-03-01,7.937784844
1806,18,SN84910,2011-05-04/2021-03-01,1.002641509
3807,38,SN30325,2018-11-27/2021-03-01,3.3
5401,54,SN90490,1964-09-30/2021-03-01,3.214883179
1563,15,SN63530,1977-10-01/2021-03-01,3.3
2100,21,SN99740,2010-09-28/2021-03-01,-5.61122534
2600,26,SN76934,1981-01-01/2021-03-01,9.036849315
4611,46,SN47820,1961-01-01/2021-03-01,3.3
1820,18,SN76530,1984-09-01/2021-03-01,6.301305756
3001,30,SN1400,1925-11-01/2021-03-01,5.09469401
1825,18,SN77490,2017-10-19/2021-03-01,-0.798778502
3006,30,SN28450,2013-01-01/2021-03-01,4.356980519
4650,46,SN58030,2011-01-01/2021-03-01,8.288754534
1867,18,SN86740,2002-12-03/2021-03-01,5.717548872
3004,30,SN3015,2002-01-01/2021-03-01,3.3
3825,38,SN33250,1884-10-01/2021-03-01,3.3
1151,11,SN47300,1860-01-01/2021-03-01,7.558503742
4602,46,SN57770,1984-09-01/2021-03-01,8.006327233
2400,24,SN76925,1993-10-01/2021-03-01,7.84302965
1851,18,SN85080,1907-04-01/2021-03-01,2.034106529
1826,18,SN78800,1999-09-24/2021-03-01,2.395962177
1122,11,SN43810,1946-08-01/2021-03-01,3.3
3002,30,SN17280,2000-11-01/2021-03-01,8.168152866
1870,18,SN87000,2014-10-24/2021-03-01,1.470333478
3429,34,SN9250,2015-11-04/2021-03-01,0.023748212
5426,54,SN91522,2018-06-10/2021-03-01,2.813235294
4618,46,SN49085,2015-09-25/2021-03-01,0.594441637
5033,50,SN11000,2013-01-01/2021-03-01,1.204783951
5038,50,SN70510,2013-09-11/2021-03-01,3.3
3401,34,SN2970,2014-09-11/2021-03-01,4.290069444
4618,46,SN31680,2015-03-03/2021-03-01,-3.498536585
3807,38,SN30280,2012-01-01/2021-03-01,4.315270936
5412,54,SN87763,2006-03-15/2021-03-01,5.23241342
4631,46,SN52360,2012-01-01/2021-03-01,6.142324324
4641,46,SN53230,2012-01-01/2021-03-01,6.875362319
3401,34,SN5590,2006-07-01/2021-03-01,5.690442412
1871,18,SN87117,2015-11-04/2021-03-01,4.376962025
301,3,SN18240,2013-10-07/2021-03-01,7.040210943
3805,38,SN30020,2011-01-01/2021-03-01,7.715047619
1865,18,SN85448,2017-06-08/2021-03-01,3.3
2100,21,SN99875,1998-05-09/2021-03-01,3.3
5429,54,SN92500,2004-12-24/2021-03-01,-2.568345543
3041,30,SN24960,1963-12-01/2021-03-01,2.187177168
5435,54,SN94680,1977-07-01/2021-03-01,3.221045131
4228,42,SN44985,2012-01-01/2021-03-01,3.398053528
5025,50,SN10300,1997-09-01/2021-03-01,3.3
4204,42,SN39010,2013-05-04/2021-03-01,3.3
4618,46,SN46510,1967-02-01/2021-03-01,1.301199863
5060,50,SN75220,1989-01-01/2021-03-01,6.343224889
5412,54,SN87772,2015-09-08/2021-03-01,-2.214380081
3005,30,SN26898,2012-10-05/2021-03-01,3.3
3030,30,SN4827,2018-01-23/2021-03-01,6.917121047
3041,30,SN23300,2014-09-11/2021-03-01,0.679791976
3422,34,SN7420,2014-02-07/2021-03-01,1.916588785
1806,18,SN84210,2014-10-01/2021-03-01,-0.604234388
5027,50,SN67280,2007-12-20/2021-03-01,3.997866948
1578,15,SN60650,1961-01-01/2021-03-01,7.503586498
5418,54,SN89360,1991-07-01/2021-03-01,3.3
4602,46,SN59250,1996-07-01/2021-03-01,3.3
4618,46,SN49220,2018-01-01/2021-03-01,6.737219731
3820,38,SN32290,2014-09-11/2021-03-01,6.515620438
4638,46,SN52970,1996-07-01/2021-03-01,3.3
301,3,SN17980,2000-01-01/2021-03-01,6.537173717
1576,15,SN65145,2019-09-25/2021-03-01,3.3
4602,46,SN58990,2017-07-06/2021-03-01,7.01391231
3005,30,SN26790,2015-02-10/2021-03-01,7.151122931
3425,34,SN700,1947-10-20/2021-03-01,0.628053848
3005,30,SN26862,2012-10-14/2021-03-01,3.3
1804,18,SN82290,1953-01-01/2021-03-01,4.976515429
3007,30,SN24350,2012-01-01/2021-03-01,5.893779621
4601,46,SN50503,2004-11-11/2021-03-01,7.218908532
301,3,SN18500,1876-01-01/2021-03-01,4.296348429
5429,54,SN91890,2011-01-01/2021-03-01,3.196459227
5421,54,SN88660,1989-10-01/2021-03-01,3.3
301,3,SN18195,2014-04-23/2021-03-01,3.3
1824,18,SN77230,1987-01-01/2021-03-01,4.047815192
5421,54,SN89010,2013-07-03/2021-03-01,-1.721071864
1507,15,SN62480,1978-09-01/2021-03-01,7.630529049
5044,50,SN74350,1895-07-01/2021-03-01,3.839923298
5035,50,SN69550,1895-07-01/2021-03-01,3.3
1806,18,SN88023,2006-03-15/2021-03-01,4.354593023
3449,34,SN22690,2012-01-01/2021-03-01,2.528710305
4614,46,SN48170,2012-01-01/2021-03-01,7.714860835
5438,54,SN96250,2014-12-01/2021-03-01,-0.931681877
3025,30,SN19810,2015-11-18/2021-03-01,8.914030384
5025,50,SN67890,2011-08-23/2021-03-01,1.054141657
5439,54,SN96600,1999-08-14/2021-03-01,3.3
4620,46,SN25830,1993-10-01/2021-03-01,-0.776820542
1149,11,SN47192,2013-10-29/2021-03-01,3.3
3825,38,SN33555,2013-10-07/2021-03-01,2.554420732
1833,18,SN79700,2011-06-09/2021-03-01,3.129617117
3042,30,SN25115,2016-10-13/2021-03-01,-0.657348343
5028,50,SN68270,1960-01-01/2021-03-01,3.3
3036,30,SN4785,2018-02-05/2021-03-01,6.087327824
5021,50,SN63820,2014-09-11/2021-03-01,3.477829589
5429,54,SN92350,1965-08-01/2021-03-01,3.190436979
301,3,SN18180,2013-05-22/2021-03-01,3.3
4204,42,SN39201,2005-06-11/2021-03-01,3.3
3819,38,SN31853,2020-09-16/2021-03-01,-0.77987013
3811,38,SN27403,2015-11-19/2021-03-01,7.922204557
3407,34,SN11900,1876-12-01/2021-03-01,3.3
4643,46,SN54740,2011-01-01/2021-03-01,7.056490251
4204,42,SN39210,2012-06-26/2021-03-01,1.4
1506,15,SN62160,1980-09-01/2021-03-01,3.3
1804,18,SN81315,2020-09-16/2021-03-01,2.918709677
4205,42,SN41175,2016-06-17/2021-03-01,6.629928315
1845,18,SN82840,1991-07-01/2021-03-01,3.3
5029,50,SN67005,2013-01-01/2021-03-01,5.322739018
3024,30,SN19490,1970-07-01/2021-03-01,3.3
3436,34,SN13640,1970-10-01/2021-03-01,3.3
1507,15,SN60850,2011-11-23/2021-03-01,7.072106444
4618,46,SN49420,1937-11-22/2021-03-01,5.512429379
3451,34,SN22890,2015-11-05/2021-03-01,2.869028488
3431,34,SN16610,1968-06-01/2021-03-01,0.536001246
4211,42,SN35110,2011-01-01/2021-03-01,5.395619439
1816,18,SN76470,2000-06-24/2021-03-01,3.3
1506,15,SN61810,2015-11-04/2021-03-01,5.030453431
5444,54,SN99420,2013-07-22/2021-03-01,0.92665066
4224,42,SN41480,1895-07-01/2021-03-01,6.164920828
3801,38,SN27161,2018-09-27/2021-03-01,6.630917327
2100,21,SN99770,2020-09-22/2021-03-01,-6.64556962
5428,54,SN91740,1974-08-01/2021-03-01,3.086572687
4215,42,SN38250,2013-12-19/2021-03-01,8.185599464
3052,30,SN29350,1985-10-01/2021-03-01,3.322440031
4622,46,SN50120,1984-01-01/2021-03-01,3.3
1825,18,SN77403,2006-03-15/2021-03-01,1.884216867
3818,38,SN31970,1935-09-01/2021-03-01,-4.006975912
1578,15,SN60500,1925-01-01/2021-03-01,7.287286803
5425,54,SN91480,2004-12-24/2021-03-01,-1.618208778
5028,50,SN67202,2011-09-15/2021-03-01,3.3
1103,11,SN44620,1990-07-01/2021-03-01,3.3
3425,34,SN730,1968-07-01/2021-03-01,3.3
3441,34,SN13030,2005-01-01/2021-03-01,3.988758389
3423,34,SN8230,2011-04-13/2021-03-01,2.644198565
1525,15,SN60240,2011-10-31/2021-03-01,3.036450839
3012,30,SN1600,2014-09-11/2021-03-01,3.718256579
5418,54,SN89820,2019-09-01/2021-03-01,0.505273834
3454,34,SN54731,2012-01-01/2021-03-01,1.511064229
3013,30,SN1950,1883-01-01/2021-03-01,3.3
1108,11,SN44710,2013-06-11/2021-03-01,9.495539033
5427,54,SN91695,2012-01-01/2021-03-01,4.68038822
3054,30,SN4543,2008-01-14/2021-03-01,4.009971014
3021,30,SN17875,2011-07-06/2021-03-01,6.256662354
3825,38,SN31620,1980-11-01/2021-03-01,1.332584424
5424,54,SN91130,2011-11-17/2021-03-01,-0.208431604
5435,54,SN94710,2003-12-03/2021-03-01,3.3
1806,18,SN84500,2011-01-25/2021-03-01,3.676599783
4640,46,SN55700,1971-06-01/2021-03-01,4.379011563
4650,46,SN58320,1895-07-01/2021-03-01,3.3
3026,30,SN2650,2007-11-28/2021-03-01,5.281883908
5059,50,SN66045,2020-09-16/2021-03-01,1.239354839
4651,46,SN58670,2017-11-27/2021-03-01,6.901244813
301,3,SN18162,2014-04-23/2021-03-01,3.3
5054,50,SN71320,2005-01-01/2021-03-01,6.751906059
3014,30,SN3780,1908-01-01/2021-03-01,3.3
4214,42,SN36330,2016-12-07/2021-03-01,7.374546632
3052,30,SN29700,2011-07-12/2021-03-01,1.296632302
301,3,SN18270,1974-04-18/2021-03-01,5.827874332
5427,54,SN91731,2018-12-18/2021-03-01,3.3
2800,28,SN77035,2018-06-18/2021-03-01,8.640816327
1837,18,SN80615,2004-12-24/2021-03-01,-3.852342286
4207,42,SN42700,2011-01-01/2021-03-01,6.590778689
1122,11,SN44970,2013-06-10/2021-03-01,8.642616679
3026,30,SN2560,2014-09-11/2021-03-01,4.391551247
3036,30,SN4740,1965-09-01/2021-03-01,3.3
3806,38,SN30247,2012-01-01/2021-03-01,3.599266862
3048,30,SN26820,2005-01-01/2021-03-01,6.588780652
5430,54,SN93301,2004-11-08/2021-03-01,-1.62829712
1828,18,SN80050,2015-11-05/2021-03-01,4.528348505
4204,42,SN39165,2012-06-26/2021-03-01,3.3
1149,11,SN47240,1967-09-14/2021-03-01,3.3
4602,46,SN57710,1971-06-01/2021-03-01,8.011878788
3805,38,SN27780,2005-01-01/2021-03-01,7.997648262
301,3,SN18225,2013-06-05/2021-03-01,3.3
2100,21,SN99752,1908-09-01/2021-03-01,-3.371754129
4650,46,SN58060,2017-07-06/2021-03-01,7.007
3808,38,SN30875,2015-03-03/2021-03-01,1.952506596
5402,54,SN87640,2002-08-01/2021-03-01,4.563686983
4214,42,SN38600,1895-07-01/2021-03-01,3.3
1124,11,SN44548,2014-02-06/2021-03-01,3.3
3005,30,SN26802,2015-02-10/2021-03-01,7.040863787
1837,18,SN80705,2014-11-27/2021-03-01,2.959492563
4621,46,SN51250,1944-01-01/2021-03-01,3.3
5416,54,SN89515,2013-12-01/2021-03-01,3.3
4636,46,SN56400,1923-02-01/2021-03-01,3.3
301,3,SN18440,2013-05-21/2021-03-01,3.3
5422,54,SN90110,2016-04-05/2021-03-01,-0.421692825
3051,30,SN28922,2006-07-05/2021-03-01,5.196880254
5406,54,SN94255,2011-12-21/2021-03-01,3.3
1133,11,SN45870,2007-05-29/2021-03-01,8.663975279
3818,38,SN31210,2016-03-01/2021-03-01,3.3
3825,38,SN31560,2015-11-05/2021-03-01,1.364131245
3824,38,SN37580,2016-11-14/2021-03-01,2.357427386
5060,50,SN75190,2014-09-11/2021-03-01,6.752161215
3033,30,SN4725,2014-12-01/2021-03-01,5.868067717
3807,38,SN32780,1897-06-01/2021-03-01,3.3
4217,42,SN38800,1895-07-01/2021-03-01,3.3
4619,46,SN29900,2006-02-16/2021-03-01,-0.979869186
1507,15,SN60880,2012-01-01/2021-03-01,7.728453608
5031,50,SN69035,2015-10-20/2021-03-01,5.846017699
4204,42,SN39150,1974-11-27/2021-03-01,8.629144022
3014,30,SN3720,2013-10-01/2021-03-01,6.727954023
5442,54,SN98974,2018-10-06/2021-03-01,-1.192840647
3048,30,SN26670,1964-07-01/2021-03-01,3.3
3038,30,SN19663,2008-01-14/2021-03-01,5.230028329
1106,11,SN47350,2011-04-14/2021-03-01,8.812690496
301,3,SN18210,1999-01-15/2021-03-01,7.635548553
3818,38,SN30860,1960-09-01/2021-03-01,4.763049096
1517,15,SN59570,2018-03-15/2021-03-01,3.3
3811,38,SN27433,2015-11-19/2021-03-01,7.816534181
3405,34,SN12710,2016-11-04/2021-03-01,4.467444121
1840,18,SN81775,2013-09-30/2021-03-01,1.865397792
4643,46,SN54815,2012-01-30/2021-03-01,-0.213185707
5403,54,SN92900,1981-08-01/2021-03-01,3.3
3822,38,SN37230,1944-06-01/2021-03-01,5.561978069
5014,50,SN65940,1975-01-01/2021-03-01,7.114470001
3427,34,SN66810,2014-09-11/2021-03-01,1.692706334
3448,34,SN21700,2017-11-27/2021-03-01,2.050965961
3042,30,SN25100,1982-09-01/2021-03-01,3.3
3035,30,SN11463,2008-01-14/2021-03-01,6.631491713
1525,15,SN60225,2016-04-12/2021-03-01,4.759395532
3811,38,SN27406,2015-11-19/2021-03-01,7.931919406
301,3,SN18165,2013-02-23/2021-03-01,3.3
1134,11,SN46220,2018-02-06/2021-03-01,4.810554562
3427,34,SN66900,2011-04-13/2021-03-01,0.400237389
3811,38,SN27415,2015-11-04/2021-03-01,1.087096774
5001,50,SN68120,2012-02-01/2021-03-01,5.590123046
3048,30,SN26060,2016-11-01/2021-03-01,6.055399361
4643,46,SN54770,2013-10-07/2021-03-01,8.01414856
5419,54,SN89213,2006-03-15/2021-03-01,0.797447352
3025,30,SN19780,2015-03-20/2021-03-01,3.3
4647,46,SN57390,1969-01-01/2021-03-01,3.3
1577,15,SN58960,1895-01-01/2021-03-01,3.389162562
3804,38,SN27630,2013-06-10/2021-03-01,3.3
3435,34,SN14711,1999-09-17/2021-03-01,3.3
3425,34,SN670,2011-04-14/2021-03-01,0.871192661
1507,15,SN60835,2013-10-07/2021-03-01,7.266153846
5038,50,SN70390,2011-01-01/2021-03-01,2.382993197
3412,34,SN6690,2011-03-30/2021-03-01,2.577094241
1120,11,SN44300,1987-01-01/2021-03-01,7.984516303
4644,46,SN55425,2017-05-19/2021-03-01,-1.986456808
3802,38,SN27065,2012-01-01/2021-03-01,6.604501845
3441,34,SN13060,2011-04-07/2021-03-01,3.3
4205,42,SN41770,1863-01-01/2021-03-01,8.159508491
3014,30,SN3810,1968-04-08/2021-03-01,6.509294513
301,3,SN18703,1987-01-01/2021-03-01,3.3
4642,46,SN54420,1974-10-01/2021-03-01,3.3
5060,50,SN75100,1909-01-01/2021-03-01,3.3
3024,30,SN19430,2011-03-14/2021-03-01,7.495060936
5427,54,SN91725,1936-07-03/2021-03-01,3.3
4618,46,SN49351,2000-09-27/2021-03-01,3.3
4203,42,SN36055,2006-04-17/2021-03-01,3.3
5438,54,SN96220,1981-08-01/2021-03-01,3.3
5443,54,SN98400,1924-01-01/2021-03-01,1.977319163
4639,46,SN53101,1993-12-17/2021-03-01,7.582481442
4618,46,SN49360,2018-03-20/2021-03-01,6.673933103
3007,30,SN24230,2012-01-01/2021-03-01,4.125650333
4621,46,SN51980,2013-11-15/2021-03-01,3.3
5401,54,SN90720,2003-10-08/2021-03-01,4.843003413
1103,11,SN44605,2013-06-11/2021-03-01,9.359967759
4640,46,SN55730,1895-07-01/2021-03-01,3.3
5401,54,SN90451,2011-10-20/2021-03-01,5.688888889
4622,46,SN50311,2011-01-01/2021-03-01,5.099232159
4650,46,SN58350,2011-08-24/2021-03-01,4.38839075
5006,50,SN71000,1984-05-05/2021-03-01,5.44385587
2100,21,SN99710,1910-01-01/2021-03-01,-1.456443824
3044,30,SN25540,1949-10-22/2021-03-01,3.3
4203,42,SN36010,2011-01-01/2021-03-01,6.26044843
2300,23,SN77029,2018-01-09/2021-03-01,0.447133758
3003,30,SN3200,1896-08-01/2021-03-01,3.3
5425,54,SN91420,2017-11-27/2021-03-01,2.750843882
1124,11,SN44560,1935-05-21/2021-03-01,7.807928985
3005,30,SN26975,2015-06-01/2021-03-01,7.721113445
5401,54,SN90400,1987-05-04/2021-03-01,3.919582888
1874,18,SN85645,2014-09-11/2021-03-01,5.346682897
3403,34,SN12291,2011-01-01/2021-03-01,4.500862069
4221,42,SN40005,2014-09-12/2021-03-01,4.615996967
1841,18,SN82110,2014-06-11/2021-03-01,5.038248473
4620,46,SN49910,1966-06-01/2021-03-01,6.658468968
2600,26,SN76969,2004-09-26/2021-03-01,8.916253444
5006,50,SN70680,1921-11-01/2021-03-01,5.959376048
3819,38,SN31850,1960-08-01/2021-03-01,3.3
4640,46,SN55930,1994-12-01/2021-03-01,3.3
1506,15,SN63000,2014-09-11/2021-03-01,4.997738386
3803,38,SN27301,2003-05-20/2021-03-01,3.3
3453,34,SN23560,1895-07-01/2021-03-01,3.3
2300,23,SN77032,2017-03-03/2021-03-01,6.92739726
5057,50,SN71550,1954-07-01/2021-03-01,6.218518977
4621,46,SN51597,2015-11-05/2021-03-01,5.182220796
1841,18,SN82020,2012-01-01/2021-03-01,5.120774264
4217,42,SN36560,1966-07-01/2021-03-01,6.34383651
5437,54,SN97470,2015-11-04/2021-03-01,-3.556196581
4620,46,SN49955,2014-12-01/2021-03-01,8.435202271
3035,30,SN11125,2013-10-07/2021-03-01,5.347886394
4619,46,SN49865,2015-11-03/2021-03-01,-0.387650361
1520,15,SN59860,2012-01-01/2021-03-01,7.338068182
1824,18,SN78360,2011-10-14/2021-03-01,3.875584492
2400,24,SN76933,2007-09-12/2021-03-01,7.995376121
3431,34,SN16400,2014-11-11/2021-03-01,2.940122111
3818,38,SN31500,1931-01-01/2021-03-01,-2.962142857
3815,38,SN34900,1895-08-01/2021-03-01,3.3
5401,54,SN91010,2019-02-21/2021-03-01,0.907517483
2800,28,SN77005,1993-06-01/2021-03-01,1.457122233
1103,11,SN44563,2013-06-11/2021-03-01,9.181319851
3429,34,SN9160,2011-02-11/2021-03-01,0.83346049
3446,34,SN11340,2011-01-01/2021-03-01,3.198763826
1124,11,SN44545,2013-06-11/2021-03-01,8.689129259
4213,42,SN35860,1920-07-01/2021-03-01,7.780220196
5053,50,SN71200,1991-06-01/2021-03-01,3.3
4648,46,SN57940,1943-09-01/2021-03-01,3.3
4627,46,SN52458,2014-12-01/2021-03-01,7.900381471
5434,54,SN94500,1867-09-01/2021-03-01,3.213991413
1515,15,SN59815,2020-09-16/2021-03-01,6.547741935
1108,11,SN44760,1980-06-01/2021-03-01,3.3
2600,26,SN76960,2014-01-01/2021-03-01,9.838292011
3418,34,SN6020,2003-11-17/2021-03-01,5.235017477
5056,50,SN65530,2014-09-11/2021-03-01,5.225555556
4649,46,SN58810,2020-09-16/2021-03-01,0.947741935
5427,54,SN91728,2013-12-18/2021-03-01,3.818228032
5035,50,SN69280,2013-10-10/2021-03-01,4.200411765
4648,46,SN57850,1990-07-01/2021-03-01,3.3
1528,15,SN60030,2019-10-24/2021-03-01,3.3
5058,50,SN71900,1895-07-01/2021-03-01,3.3
3042,30,SN25040,2015-11-04/2021-03-01,2.30960452
2600,26,SN77041,2014-04-07/2021-03-01,8.885419532
1865,18,SN86300,2012-01-01/2021-03-01,3.3
1806,18,SN84900,1922-12-08/2021-03-01,-1.7321773
3818,38,SN31410,1920-10-01/2021-03-01,3.3
5001,50,SN69020,1970-03-04/2021-03-01,6.628293166
1532,15,SN60990,1958-07-01/2021-03-01,7.366049194
5020,50,SN71990,1965-11-01/2021-03-01,6.643370471
1130,11,SN45460,2013-06-10/2021-03-01,9.099944964
5406,54,SN94195,2004-12-24/2021-03-01,-0.10348906
3802,38,SN26996,2014-07-07/2021-03-01,4.342456719
1539,15,SN61340,2011-11-30/2021-03-01,7.245703727
3454,34,SN54710,1967-01-01/2021-03-01,0.124053628
5042,50,SN73210,2014-12-01/2021-03-01,1.380341377
3045,30,SN26350,2014-01-21/2021-03-01,4.953250774
3443,34,SN11690,2011-01-01/2021-03-01,3.861673414
4651,46,SN58900,1993-11-01/2021-03-01,5.709000215
2100,21,SN99910,1974-07-26/2021-03-01,-4.754042929
1124,11,SN44554,2006-01-01/2021-03-01,3.3
1840,18,SN81760,2016-11-14/2021-03-01,-0.098181818
4644,46,SN55670,1972-09-01/2021-03-01,3.3
1806,18,SN84380,2012-01-01/2021-03-01,5.687418301
4201,42,SN35340,1968-02-01/2021-03-01,3.3
301,3,SN18410,2011-01-01/2021-03-01,6.881678411
5025,50,SN10380,1957-08-01/2021-03-01,1.310771042
3042,30,SN25112,2006-12-06/2021-03-01,2.739867598
3805,38,SN30244,2013-06-11/2021-03-01,7.358310249
3436,34,SN13655,2011-06-08/2021-03-01,1.363731007
5418,54,SN89350,1940-07-01/2021-03-01,1.222220198
1845,18,SN82720,2016-12-21/2021-03-01,-0.226522593
4611,46,SN47730,2018-01-23/2021-03-01,9.114927048
5437,54,SN97120,2013-07-22/2021-03-01,-0.26004502
1535,15,SN61062,2019-10-23/2021-03-01,3.3
2100,21,SN99874,2019-09-26/2021-03-01,-6.681573896
3434,34,SN15270,1999-09-17/2021-03-01,-3.462147325
5043,50,SN74780,2019-09-01/2021-03-01,0.136234818
5435,54,SN94805,2013-07-22/2021-03-01,3.779040736
5418,54,SN90050,2012-01-03/2021-03-01,3.3
